age,qx_male,qx_female
0,0.00075,0.00043
1,0.000754,0.000433
2,0.000759,0.000436
3,0.000764,0.000439
4,0.00077,0.000443
5,0.000777,0.000447
6,0.000784,0.000452
7,0.000791,0.000457
8,0.000799,0.000462
9,0.000808,0.000468
10,0.000818,0.000474
11,0.000829,0.000481
12,0.00084,0.000489
13,0.000853,0.000497
14,0.000867,0.000507
15,0.000882,0.000517
16,0.000898,0.000528
17,0.000916,0.00054
18,0.000935,0.000554
19,0.000957,0.000568
20,0.00098,0.000584
21,0.001005,0.000602
22,0.001032,0.000621
23,0.001062,0.000642
24,0.001095,0.000665
25,0.001131,0.00069
26,0.001169,0.000717
27,0.001212,0.000747
28,0.001258,0.000781
29,0.001308,0.000817
30,0.001362,0.000856
31,0.001422,0.0009
32,0.001487,0.000947
33,0.001558,0.000999
34,0.001635,0.001056
35,0.001719,0.001118
36,0.001811,0.001186
37,0.001911,0.001261
38,0.00202,0.001343
39,0.002139,0.001432
40,0.002268,0.00153
41,0.002409,0.001638
42,0.002563,0.001755
43,0.00273,0.001884
44,0.002913,0.002025
45,0.003112,0.002179
46,0.003328,0.002348
47,0.003565,0.002533
48,0.003822,0.002735
49,0.004102,0.002957
50,0.004408,0.003199
51,0.004741,0.003465
52,0.005104,0.003755
53,0.0055,0.004074
54,0.00593,0.004422
55,0.0064,0.004803
56,0.006911,0.00522
57,0.007468,0.005677
58,0.008075,0.006177
59,0.008736,0.006724
60,0.009457,0.007323
61,0.010241,0.007978
62,0.011095,0.008695
63,0.012025,0.009479
64,0.013038,0.010338
65,0.014141,0.011276
66,0.015342,0.012304
67,0.016649,0.013427
68,0.018072,0.014656
69,0.019621,0.015999
70,0.021306,0.017469
71,0.02314,0.019075
72,0.025135,0.020831
73,0.027304,0.02275
74,0.029664,0.024847
75,0.032229,0.027138
76,0.035017,0.029641
77,0.038047,0.032374
78,0.041339,0.035358
79,0.044915,0.038614
80,0.048797,0.042168
81,0.05301,0.046044
82,0.057582,0.05027
83,0.062539,0.054876
84,0.067914,0.059894
85,0.073737,0.065359
86,0.080042,0.071306
87,0.086866,0.077775
88,0.094247,0.084806
89,0.102224,0.092444
90,0.110838,0.100735
91,0.120134,0.109726
92,0.130156,0.119468
93,0.14095,0.130014
94,0.152563,0.141417
95,0.165043,0.153731
96,0.178436,0.167013
97,0.19279,0.181318
98,0.208151,0.1967
99,0.224561,0.213213
100,0.242061,0.230904
