category,class,multiplier,description
smoking,nonsmoker,1.0,No tobacco use in past 12 months
smoking,smoker,1.8,Regular tobacco use
alcohol,none_moderate,1.0,No alcohol use or moderate/social drinking
alcohol,heavy,1.4,Frequent heavy drinking
extreme_sports,none,1.0,No regular participation in high-risk hobbies
extreme_sports,occasional,1.15,"Occasional participation (e.g. skiing, diving)"
extreme_sports,regular,1.6,"Regular participation (e.g. skydiving, mountaineering, motor racing)"
health_class,preferred_plus,0.6,"Excellent health, no risk factors"
health_class,preferred,0.8,Above-average health
health_class,standard,1.0,Average health (baseline)
health_class,substandard,1.5,Below-average health / minor conditions
health_class,high_risk,2.5,Significant medical risk factors
